AreaName,WVitemID,TextTypeID,TextType,SortOrder,Text
Algarvekysten,108022,16,Area description,0,"Velkommen til Algarvekystens dejlige strande, rige historie og Europas måske bedste golfbaner med en sæson, der strækker sig over næsten hele året. Spies har hoteller på tre populære rejsemål: Vilamoura, Albufeira og Praia da Rocha. Og du bestemmer selvfølgelig selv, hvornår du vil rejse, og hvor længe du vil være væk."
Amalfikysten,108027,16,Area description,0,"Rejs med Spies til Amalfikysten, en af verdens smukkeste kyststrækninger med et væld af storslåede udsigter. Her ligger små, romantiske byer som <a href=""{res:15347}"">Positano</a>, Praiano og Amalfi, der alle har sit eget særpræg. På den modsatte side af den sorrentinske halvø finder du <a href=""{res:15349}"">Sorrento</a> - en klassisk ferieby med betagende udsigt over Napolibugten. Lige ud for kysten ligger også den eksklusive ferieø <a href=""{res:15341}"">Capri</a>, som du nemt kommer til med færge."
Antalya-området,123537,16,Area description,0,"Velkommen til Antalya-området! Med Spies kan du vælge mellem hele seks forskellige rejsemål – fra farverige Alanya til fredelige Kemer. For voksne, som rejser uden børn, har vi fire Sunprime Hotels, og rejser du med familien, kan vi tilbyde et dejligt Sunwing Family Resort, tre Family Garden-hoteller og tre SunConnect Resorts, som er familiehoteller, hvor du både kan slappe af og være gratis online i ferien. Nu kan du også rejse hertil med rutefly - så bestemmer du selv, hvornår du vil rejse, og hvor længe du vil være væk."
Antalya-området,123537,16,Area description,10,"Vores golfrejser går til Belek, og her kan du vælge mellem 4- eller 5-dages golfpakker på to forskellige anlæg. Vi tilbyder også flere hoteller med egne baner, hvor du som gæst spiller til meget favorable priser. Flere af hotellerne ligger lige ved stranden, så du nemt kan slappe af mellem golfrunderne."
Bali,108032,16,Area description,0,"Hos Spies finder du alt fra enkle hoteller til luksuriøse resorts direkte ved stranden. Desuden rejser du med rutefly, så du selv kan bestemme, hvornår du vil rejse, og hvor længe du vil være væk. Et godt tip er at rejse dertil om sommeren - Bali er betagende året rundt, men der er allerdejligst om sommeren."
Bali,108032,13,Text part,10,"Når du rejser med Spies til Bali, kan du vælge mellem flere forskellige spændende rejsemål. <a href=""{res:14961}"">Ubud</a> er Balis kulturelle centrum med traditionel kunst og traditionelle ceremonier. Her bor du midt i naturen på fine hoteller med lækre spafaciliteter. De bedste strande finder du på syd- og vestkysten. Vil du se fantastiske solnedgange, skal du gå efter <a href=""{res:14958}"">Kuta Beach</a>. Er du mere til solopgange, kan du med fordel vælge at bo i <a href=""{res:14960}"">Sanur</a> eller <a href=""{res:14959}"">Nusa Dua</a>. På den nordlige del af øen venter <a href=""{res:28339}"">Candidasa</a> og <a href=""{res:28341}"">Lovina Beach</a>, som begge er fredfyldte små byer, hvor det snarere er atmosfæren end strandene, der lokker. Du kan selvfølgelig også kombinere vores rejsemål, så du får en ferie, der passer lige præcis dig."
Bodrum-halvøen,123538,16,Area description,0,"Bodrum-halvøen har været et populært feriemål i mange år, og med Spies kan du vælge imellem fire rejsemål med hver sit særpræg. Vi tilbyder bl.a. familiehoteller som <a href=""{hot:63664}"">Bodrum Holiday Resort & Spa</a> med Lollo & Bernie uden for Bodrum, og på flere af vores rejsemål kan du bo direkte på stranden eller vælge et hotel med All Inclusive."
Borneo,108042,16,Area description,0,"Magisk og mytisk med frodige regnskove, et fantastiskt dyreliv og lange kridhvide strande. Borneo - verdens tredjestørste ø er en oplevelse ud over det sædvanlige. Øen byder ikke bare på klassisk sol- og badeferie - her venter også mange spændende udflugtsmål, bl.a. orangutangcentret Sepilok, skildpaddeøen Selingan Island, det svimlende smukke bjerg Mount Kinabalu og koraløer, der byder på verdens måske bedste dykning! Med Spies har du alle muligheder på Borneo."
Brac,193738,16,Area description,0,"Brac er Kroatiens tredjestørste ø og byder på såvel vingårde og strande som maleriske små byer og frodig natur. Her bor du tæt på både naturen og havet, og du har aldrig langt til en hyggelig restaurant eller en god vandresti. Ligesom i resten af Kroatien er vandet krystalklart, og eftersom Brac er omgivet af strande, er her masser af muligheder for et forfriskende dyp. Når du rejser med Spies til Brac, bor du på øens nordkyst i byen Supetar, som også et godt udgangspunkt for at udforske fastlandet. Færgerne sejler flere gange om dagen, så du kommer nemt til Split, hvor du bl.a. kan besøge det gamle kejserpalads. Eftersom den sidste færge til Brac først sejler ved midnatstid, har du god tid til både shopping, sightseeing og en god middag i Split."
Californien & The West,108144,16,Area description,0,"Du oplever USA fra sin mest spændende side, når du rejser til Californien. USA's vestkyst rummer nemlig ikke bare ikoniske byer som San Francisco og Los Angeles med Hollywood, Disneyland og Beverly Hills. Californien er samtidig det perfekte udgangspunkt for oplevelsesrige bilferier i det vestlige USA, der både rummer de store nationalparker og spillebyen Las Vegas. Afslut med nogle dage i Santa Barbara på Californiens riviera - kun 20 minutters kørsel fra den danske koloni, Solvang.<br><br>Med Spies Special har du alle muligheder for at skræddersy den perfekte rejse til Californien med flybilletter, hoteller og billeje."
Centrale Thailand,108047,16,Area description,0,"Storby eller smukke badestrande? Centrale Thailand er et fantastiskt alternativ for dig, der ikke vil vælge. Spies har mange kombinationsmuligheder, så du får både eventyr og afslapning på samme ferie."
Centrale Thailand,108047,13,Text part,10,"Bangkok er en af Asiens mest kaotiske og fascinerende storbyer med et hav af seværdigheder, myldrende markeder og gigantiske shoppingcentre. Kun nogle få timers kørsel derfra finder du badebyerne <a href=""{res:4707}"">Cha-Am</a> og <a href=""{res:4718}"">Hua Hin</a>. Denne del af Thailand byder på oplevelser for enhver smag."
Centrale Thailand,108047,16,Area description,20,"Centrale Thailand er et godt valg for dig, der gerne vil spille golf og samtidig ikke vil så langt væk fra Bangkok, en af Asiens mest kaotiske og fascinerende storbyer. Når du tager med Spies på en golfrejse til Centrale Thailand, kan du vælge mellem Hua Hin og Cha-am. På begge rejsemål kan du spille på fire rigtig gode golfbaner."
Costa Blanca,108051,16,Area description,0,"Costa Blanca, den hvide kyst, har noget for alle - uanset om du vil have sol og strand, folkeliv, shopping eller oplevelser. Costa Blanca strækker sig over 200 km, fra Denia til Pilar de la Horadada, og langs kysten ligger der mange populære rejsemål. Når du rejser med Spies, kan du vælge mellem tre af dem: Alicante, Benidorm og Albir, og eftersom du rejser med rutefly, kan du selv bestemme, hvor længe du vil være væk."
Costa Blanca,108051,13,Text part,10,"I Alicante får du den perfekte kombination af storby og strande; Benidorm er førstevalget for dig, som vil have folkeliv og forlystelser, og Albir passer til dig, der har fokus på afslapning. Fælles for alle vores rejsemål er, at du kan være sikker på en ferie med en betagende natur, en venlig befolkning og et klima, som hvert år tiltrækker tusindvis af nordboere."
Costa Brava,195366,16,Area description,0,"Den smukke kyststrækning Costa Brava, som strækker sig nord for Barcelona, er fuld af kontraster. Lange, velbesøgte strande og nybyggede hoteller blandes med maleriske fiskerbyer og storslået natur. Badebyerne ligger som perler på en snor langs kysten - fra Barcelona i syd til den franske grænse i nord. Med Spies kan du rejse til Costa Bravas mest populære feriebyer: <a href=""{res:98232}"">Lloret de Mar</a>, <a href=""{res:98231}"">Calella</a> og <a href=""{res:98235}"">Santa Susanna</a>."
Costa Brava,195366,13,Text part,10,"Costa Brava er nok mest kendt for sine kilometerlange, gyldne strande, lækre mad og smukke natur. De fleste byer langs kysten var oprindelig små fiskerlejer, men de har i årenes løb udviklet sig til moderne badebyer og byder nu på masser af aktiviteter, restauranter og forlystelsesliv. På Costa Brava finder du bl.a. en af Europas største forlystelsesparker, Marineland Cataluña, samt det store golfanlæg PGA Catalunya Resort. Og for dig, der kan lide lækker mad og gode vine, er Costa Brava også lige sagen - overalt bydes der på veltillavet middelhavsmad, som med fordel kan nydes sammen med en af de lokalt fremstillede vine."
Costa del Sol,108053,16,Area description,0,"Costa del Sol er en cirka 200 km lang kyststrækning i regionen Andalusien. Her har nordboere søgt tilflugt fra vinterens kulde og mørke i snart 40 år - ikke mindst i Marbella, som er blevet et af kystens mest trendy rejsemål. Costa del Sol er især populær blandt golfspillere - her kan du spille på en ny bane alle ugens dage. Men området byder også på masser af kultur, historie og spændende seværdigheder; der er f.eks. kun et par timer til Granada. Og vil du indsnuse lidt autentisk spansk stemning, kan du tage op til en af de små landsbyer i bjergene."
Costa del Sol,108053,16,Area description,10,"Du kan tage på golfrejse til Costa del Sol og rejsemålene Marbella og Benalmadena hele året. Spies tilbyder fleksible rejselængder og golfpakker med garanterede starttider på Atalaya, som er en af de mest populære baner på Costa del Sol. Vi tilbyder også golfpakker og garanterede starttider i golfanlægget La Cala."
Costa Dorada,121478,16,Area description,0,"Sydvest for Barcelona løber de lavvandede og gyldne sandsstrande, som har givet ophav til navnet Costa Dorada - Guldkysten.<br><br>Spies tilbyder rejser med valgfri rejselængde til de to mest populære badebyer: livlige Sitges og mere rolige, børnevenlige Salou."
Den Franske Riviera,108065,16,Area description,0,"Den Franske Riviera er altid et besøg værd, men de bedste tidspunkter er forår og forsommer, hvor alting blomstrer. Vælg det rejsemål, der passer dig bedst, og tag på udflugt til de andre - her er det nemt at komme rundt. Spies tilbyder rejser med rutefly, så du bestemmer selv, hvor længe du vil være væk, og du kan vælge imellem fire rejsemål: Cannes, Nice, Antibes og Juan les Pins."
Det østlige USA,108059,16,Area description,0,På østkysten tilbyder vi New York og Washington.
Dubai,109605,16,Area description,0,"Velkommen til sol, varme og salte dyp - året rundt. I Dubai får du solrig luksus i eksotiske omgivelser.<br><br>I Dubai får du en skøn ferie med næsten garanteret solskin. Når du rejser med Spies, kan du vælge imellem fem rejsemål: <a href=""{res:72973}"">Bur Dubai</a>, <a href=""{res:72975}"">Deira</a>, <a href=""{res:72974}"">Downtown Dubai</a>, <a href=""{res:14956}"">Jumeirah Beach</a> og <a href=""{res:72976}"">Jebel Ali</a>. Er det strandliv, du søger, er det nemmest at tage til de offentlige strande langs Jumeirah Beach, hvor du kan vælge at bo i femstjernet luksus. Vil du bo lige så godt, men blot lidt billigere, skal du vælge et hotel i Downtown Dubai, hvor du også finder verdens højeste bygning, Burj Kalifa, samt verdens største shoppingcenter. Midt i alt det hypermoderne finder du desuden steder, som fører tankerne hen på Tusind og én nat, ikke mindst hvis du tager med på ørkensafari."
Dubai,109605,13,Text part,10,"<b>En weekend eller en uge?</b><br>Spies tilbyder rejser med fleksibel rejselænge til Dubai både sommer og vinter, og eftersom flyvetiden kun er på godt seks timer, kan du sagtens tage hertil for både lidt sol, shopping og natteliv i en forlænget weekend. Vælger du at være her i en uge, kan du nå at opleve lidt mere."
Dubrovnik-området,186731,16,Area description,0,"Dubrovnik har en lang historie, hvilket ikke mindst den enorme ringmur, der omkranser den gamle bydel, vidner om. Men byen hernede i det sydligste Kroatien byder ikke blot på historie, men også på god mad, smuk natur og dejlige strande. Spies tilbyder rejser med rutefly og fleksibel rejselængde til både <a href=""{res:65419}"">Dubrovnik</a> og <a href=""{res:81569}"">Cavtat</a>, en lille by ved havet ikke langt fra Dubrovnik."
Florida,108063,16,Area description,0,"Florida har virkelig noget for enhver smag. <a href=""{res:14947}"">Miami Beach</a>, art deco, South Beach, golfbaner, et pulserende forlystelsesliv, Ocean Drive, Everglades, Disney World ... Og at Florida kaldes The Sunshine State er ikke så sært. Klimaet er uovertruffent og strandene kilometerlange, kridhvide og kantet af palmer. <br><br>Spies var blandt de første til at tilbyde rejser til Florida, og vi ved, hvordan du får mest ud af dit ophold her. Vi tilbyder mange kombinationsmuligheder og hoteller med den bedste beliggenhed. Du flyver til Florida med rutefly og vælger selv, hvornår du vil rejse, og hvor længe du vil være væk. Lad dig inspirere af alle de muligheder, vi har at tilbyde i Florida."
Fuerteventura,108066,16,Area description,0,"Skønt Fuerteventura er den næststørste af De Kanariske Øer, fremstår den mere uspoleret end sine naboøer. Der kommer færre turister hertil, der bygges færre hoteller, og trafikken er roligere."
Fuerteventura,108066,13,Text part,10,"På Fuerteventura finder du nogle af Europas absolut bedste strande, som strækker sig brede og gyldne stort set hele vejen rundt om øen. Det er ganske let at finde sin egen strand, og trængsel er der aldrig. Rejser du med Spies, kan du vælge mellem nogle af Fuerteventuras allerbedste hoteller, f.eks. <a href=""{hot:56642}"">Barcelo Corralejo Bay</a> i <a href=""{res:4806}"">Corralejo</a>, som har fået høje ratings af vores gæster. Rejser du med børn, er <a href=""{hot:75407}"">Fuerteventura Princess</a> det rigtige valg. Det ligger ved havet et stykke uden for Jandia og er et af vores børnevenlige Family Garden-hoteller med børneklub og børnepool - og det bedste af det hele er måske, at All Inclusive indgår i prisen."
Goa,109233,16,Area description,0,"Goa er Indiens mindste delstat og byder på både portugisisk kolonihistorie, betagende smuk natur og lange, fredfyldte strande. Spies tilbyder tre forskellige rejsemål og fleksible rejser med valgfri rejselængde."
Goa,109233,13,Text part,10,"Goa rummer mange facetter - fra rygtet som hippiernes paradis i 60'erne over de næsten endeløse strande til delstatens prægtige, kristne kirker. Derudover er der hovedstaden Panajis livlige gadeliv, det varierede køkken med islæt fra hele Asien og de spændende udflugter til gamle ruinbyer og langsomme floder. I Goa får du meget Indien på et lille areal."
Gran Canaria,108069,16,Area description,0,"Rejs med Spies til solrige Gran Canaria og få et kæmpe udvalg af feriemål og hoteller for både børnefamilien og voksne par. Rejser du hertil uden børn, er vores <a href=""{hot:8826}"">Sunprime Atlantic View</a> et godt valg, og har du børnene med, anbefaler vi <a href=""{hot:8782}"">Sunwing Arguineguín Seafront</a> eller nye <a href=""{hot:90078}"">Ocean Beach Club</a> i Playa del Cura. Vi har også flere Family Garden-hoteller til den børnevenlige familieferie. Hvad rejsemål angår, tilbyder vi alt fra skønt storbyliv i <a href=""{res:8795}"">Las Palmas</a> over forlystelsesmetropolen <a href=""{res:8822}"">Playa del Inglés</a> til rolige perler som <a href=""{res:8851}"">Puerto de Mogán</a> på den solsikre sydkyst.<br><br>Nu kan du også bestille rejser med valgfri afrejsedag og rejselængde til flere af vores rejsemål på Gran Canaria. Når du bestiller, vælger du blot det ønskede antal dage under ""Rejselængde""."
Gran Canaria,108069,16,Area description,10,"Golfpakker, flere nye baner, golfværter og et fantastisk ophold på Sunprime Hotels. Tilføj Spies' populære konkurrenceuge Gran Canaria Open, som finder sted hvert år i december, og du vil forstå, hvorfor Gran Canaria er det perfekte udgangspunkt for din golfrejse. Klimaet er behageligt hele året rundt, og her er en utrolig bred vifte af golfbaner at vælge imellem. Fra Seaside- og Mountainbaner til golde Arizonabaner med barske udfordringer. Udover vores to Sunprime-hoteller, kan du også vælge at bo på luksuriøse Sheraton Salobre Golf Resort & Spa. Her tilbyder vi en pakke med lige så meget golf, du har lyst til i seks dage på golfbanen Salobre, som ligger lige ved siden af hotellet."
Hawaii,108071,16,Area description,0,"Hawaii er selve definitionen på en drømmeferie. Intet andet sted vajer palmerne så forførende og ingen andre steder vajer de over lige så paradisiske strande. Med Spies rejser du til Maui eller Honolulu, som er to af Hawaiis mest populære rejsemål. Naturligvis kommer du til at bo på et virkelig godt hotel, på eller nær ved stranden. Udover alle de vidunderlige strande får du på Maui og Honolulu en fantastisk natur, restauranter i verdensklasse og en bred vifte af aktiviteter, attraktioner og underholdning. En tur til Hawaii kommer med garanti til at blive et minde for livet."
Hvar,186730,16,Area description,0,"Hvar ligger lige ud for den kroatiske kyst godt en halv times sejlads fra Split. En ferie på Hvar er ensbetydende med udflugter til små byer, lange middage i skumringen, svømmeture i krystalklart vand, markedsbesøg og måske en lille afstikker til en vingård. Spies tilbyder to rejsemål: charmerende og sofistikerede <a href=""{res:81567}"">Hvar by</a> samt den lille by <a href=""{res:96142}"">Jelsa</a>, som har en hyggelig lille havn med lokalt folkeliv."
Ibiza,108072,16,Area description,0,"Velkommen til Ibiza - en ø, der byder på både familiehoteller, børnevenlige strande, charmende landsbyer og betagende natur. Her er også et trendy natteliv og glimrende shoppingmuligheder. Spies tilbyder fire forskellige rejsemål, der hver har sit eget særpræg, lige fra livlige <a href=""{res:97544}"">Ibiza by</a> til forlystelseslivet i <a href=""{res:97580}"">San Antonio</a>. Har du svært ved at vælge, kan du altid kombinere flere rejsemål."
Ibiza,108072,13,Text part,10,"Ibiza ligger sydvest for Mallorca og er en lille ø, der rummer meget: skønne strande, naturoplevelser, historie, shoppingmuligheder, trendy natklubber og ikke mindst familiehoteller ved nogle af øens bedste strande. Spies tilbyder rejsemålene Ibiza by, <a href=""{res:97552}"">Playa d'en Bossa</a>, <a href=""{res:97609}"">Santa Eulalia</a> og partybyen San Antonio."
Istrien,123597,16,Area description,0,"Når man kommer til Istrien, bliver man først og fremmest slået af den betagende og uberørte natur. Her er der grønne enge, bakkedale, farvestrålende vilde blomster og velbevarede historiske fund så langt øjet rækker. Spies tilbyder fire forskellige rejsemål - <a href=""{res:76070}"">Opatija</a>, <a href=""{res:76101}"">Porec</a>, <a href=""{res:76106}"">Rovinj</a> og <a href=""{res:76082}"">Vrsar</a> - som hver især har deres eget særpræg, men som også har meget til fælles: fortidslevn, krystalklart vand og glimrende restauranter."
Istanbul,123536,16,Area description,0,"Rejser du til Istanbul med Spies, kan du vælge blandt hoteller i såvel byens gamle kvarterer som i de nyere områder med trendy butikker og restauranter.<br />Istanbuls hemmelighed er dens tilgængelighed. Afstandene er korte, priserne lave, og overalt bliver man mødt med lige dele høflighed, venlighed og nysgerrighed. Orienten møder Europa i en by, hvor alle føler sig hjemme, uanset om man vil lytte til tyrkisk popmusik på en café eller nyde synet af de smukke håndlavede keramiske fliser i Den Blå Moske. Istanbuls seværdigheder er verdensberømte: udover Den Blå Moske er Hagia Sophia og Topkapi-paladset storslåede eksempler på en rig historisk arv. Krydderisælgere, barberer og skopudsere fylder gaderne, og der er masser at kigge på, hvis du vælger at opleve byen til fods i stedet for at tage sporvognen. Istanbul er ingen stor by, og du kan gå rundt til de fleste seværdigheder."
Kalymnos,108078,16,Area description,0,"Kalymnos er en af Grækenlands billigste øer, hvor dagene forløber stille og roligt. Rejser du med Spies, har du flere gode hoteller at vælge imellem."
Kalymnos,108078,13,Text part,10,"<b>Kalymnos med Spies</b><br>Kalymnos er berømt for sit fiskeri efter natursvampe, der er en tradition, som strækker sig mange år tilbage i tiden og endnu i dag beskæftiger en håndfuld øboere. Det er primært den afslappede atmosfære og de gode strande, der lokker feriegæster til Kalymnos, men de stejle klippevægge gør også øen populær blandt bjergbestigere, der tager hertil for at kombinere spændende udfordringer med stilfærdigt græsk hverdagsliv. Spies tilbyder tre forskellige rejsemål, og vi anbefaler, at du lejer en bil, så du kan udforske øen i dit eget tempo."
Koh Lanta,121774,16,Area description,10,"Syd for Krabi-provinsen venter Koh Lanta - en smuk lille ø, som indbyder til en ferie i lavt gear og med kilometervis af sandstrand inden for rækkevidde."
Koh Phi Phi,121312,16,Area description,10,"På romantiske Koh Phi Phi er du omgivet af kridhvide sandstrande, der indbyder til farverig snorkling, afslapning eller gåture i solnedgangens skær."
Korfu,108080,16,Area description,0,"Korfu er et godt valg for dig, der vil have en sol- og badeferie af høj klasse. Ud over fine strande byder øen på seværdigheder, smuk natur og uopdagede små byer. Med Spies rejser du til Korfu med rutefly og bestemmer selv afrejsedag og rejselængde, og du har fem forskellige rejsemål at vælge imellem: Agios Gordis, Dassia, Ermones, Gouvia og Korfu by."
Kos,108081,16,Area description,0,"Populære Kos er en bekvemt lille ø, der kun er 54 km lang og 11 km bred. Her har 40 år under italiensk styre bl.a. udmøntet sig i smukke parker, blomsterbeplantninger og gader kantet af træer. Der er mange fine strande rundt om hele øen, og mange af dem er lavvandede med sandbund. Fra Kos kan du også nemt komme til omkringliggende øer som Kalymnos og Telendos.<br><br>Nu kan du også rejse med rutefly til Kos med Spies. Det betyder, at du selv bestemmer både afrejsedag, og hvor længe du vil være væk, uden at være bundet af faste rejsedatoer. Når du bestiller, vælger du blot det ønskede antal dage under ""Rejselængde""."
Krabi,108082,16,Area description,0,"Spies tilbyder det meste og det bedste af Krabi med flere forskellige rejsemål og hoteller for enhver smag, bl.a. <a href=""{hot:63501}"">Beyond Resort Krabi</a>, som ligger direkte på stranden i Klong Muang."
Krabi,108082,13,Text part,10,"Spies tilbyder de mest populære rejsemål langs kysten, bl.a. <a href=""{res:4743}"">Ao Nang</a> samt øerne <a href=""{res:4754}"">Koh Lanta</a>, <a href=""{res:14977}"">Phi Phi Island</a>, <a href=""{res:89118}"">Koh Mook</a> og <a href=""{res:82324}"">Koh Ngai</a>. Med Spies kan du vælge enten en bekvem charterferie med faste rejsedatoer eller en ferie med rutefly skræddersyet efter dine behov."
Kreta,108055,16,Area description,0,"Kreta har i mange år været et af Spies-gæsternes yndlingsrejsemål. Ikke mindst på grund af vores familieparadis Sunwing Makrigialos Beach med den enestående udsigt over Middelhavet. Men vi har selvfølgelig også hoteller for dig, der rejser uden børn, f.eks. vores skræddersyede <a href=""{hot:40467}"">Sunprime Platanias Beach</a> i populære <a href=""{res:6769}"">Platanias</a> på Chaniakysten. Hotellet har alle tænkelige bekvemmeligheder og ligger, ligesom Sunwing Makrigialos Beach, direkte ud til stranden. Rejser du med familien, kan du også bo på vores flotte Family Garden-hotel <a href=""{hot:37887}"">Avra Imperial Beach Resort & Spa</a> i <a href=""{res:6766}"">Kolimbari</a>.<br><br>Nu kan du også rejse med rutefly til de fleste af vores rejsemål på Kreta. Det betyder, at du selv bestemmer både afrejsedag, og hvor længe du vil være væk, uden at være bundet af faste rejsedatoer. Når du bestiller, vælger du blot det ønskede antal dage under ""Rejselængde""."
Kreta,108055,13,Text part,10,"Kreta begejstrer og fascinerer til stadighed sine gæster. Her får du den perfekte kombination af ø-hygge, ferieliv og historiske omgivelser. Den svale vind fra nord opfrisker selv de varmeste sommerdage, og strandene skuffer aldrig. Det er oplagt at leje bil på Kreta, så du har mulighed for at tage på opdagelse på egen hånd. Når du rejser med Spies, har du altid mulighed for at leje bil til en konkurrencedygtig pris. Hvorfor ikke lade sommerferien gå til Kreta?"
Kreta,108055,16,Area description,20,"Den klassiske ferieø Kreta byder også på golf. Med Spies kan du bo tæt på Grækenlands første mesterskabsbane - Crete Golf Club. Kreta er Grækenlands største og sydligste ø. Beliggenheden mellem Afrika og Europa gør, at klimaet er næsten perfekt - især for en golfferie. Sommersæsonen strækker sig helt fra april til november, og resten af året ligger temperaturen på omkring de 20 grader."
Kreta,108055,48,Airport help,30,"Spies flyver til to lufthavne på Kreta. Vil du bo på Chaniakysten, flyver du til Chanias lufthavn. Hvis du vil bo i Agios Nikolaos, Hersonissos, Ierapetra eller Makrigialos, flyver du til Heraklions lufthavn. Vil du bo i Rethymnon, flyver du også til Heraklions lufthavn, og nogle gange er det også muligt at flyve til Chanias lufthavn."
Krydstogter fra Dubai,189622,16,Area description,0,"Kunne du tænke dig en komfortabel ferie til søs kombineret med anderledes oplevelser? Så vælg vores krydstogt i Den Persiske Golf og oplev omgivelser, der kunne være taget ud af ""Tusind og én nat"". På krydstogtet kommer du til Dubai, Abu Dhabi, Muscat og Khasab - det ene rejsemål mere spektakulært end det andet. Sultandømmet Omans hovedstad Muscat byder på et stort udbud af seværdigheder, strande og markeder, og Dubai er en herlig blanding af tradition og overdådig luksus. Her finder du både en indendørs skibakke, verdens højeste bygning, Burj Khalifa, traditionelle souker, fantastiske hoteller og meget, meget andet."
Krydstogter fra Dubai,189622,13,Text part,10,"I vores bekvemme pakkeløsninger indgår foruden selve krydstogtet både fly og hotelovernatning i afrejsebyen. Krydstogtet foregår med<br>Royal Caribbean Internationals store og familievenlige skibe, Celebrity Cruises elegante fartøjer velegnede til voksne eller Costa Cruises familieegnede og budgetvenlige skbe, der tilbyder god mad og aktiviteter ombord. Vælger du et krydstogt med Royal Caribbean International eller Celebrity Cruises, indgår drikkepenge på ca. 12 USD pr. dag i prisen. Vælger du et krydstogt med Costa Cruises, skal obligatoriske drikkepenge på ca. 9 USD pr. voksen pr. dag og ca. 4,50 USD pr. barn pr. dag betales ombord."
Krydstogter i Caribien,141220,16,Area description,0,"Et krydstogt i Caribien er den perfekte måde at rejse på, hvis du ønsker at opleve så meget som muligt i ferien. Caribien er præcis lige så eksotisk, som du forestiller dig: Her mødes du af vajende palmer, iørefaldende rytmer, turkisblåt hav, flot natur, smilende mennesker, spændende rejsemål, sol og lange strande. Du har med andre ord alle muligheder for at få en ferie med både afslapning og eventyr."
Krydstogter i Caribien,141220,13,Text part,10,"Hvis du vælger et krydstogt til Caribien, har du flere spændende ruter og forskellige rejselængder at vælge imellem. I vores bekvemme krydstogtspakker indgår foruden selve krydstogtet både fly og hotelovernatning i afrejsebyen før krydstogtet. I Caribien har rederiet Royal Caribbean International et bredt udbud af ruter, og der sejles med nogle af verdens største krydstogtskibe - Oasis of the Seas, Allure of the Seas og det nybyggede Quantum of the Seas. Også Celebrity Cruises tilbyder et stort udvalg af krydstogter i området med besøg på spændende øer som Jamaica, Puerto Rico, St. Martin/St. Maarten og Bahamas. Fra vinteren 2015/16 kan du desuden komme på krydstogt med familievenlige Costa Cruises i Caribien. Med Costa Cruises kan du bl.a. komme til Mexico, Den Dominikanske Republik og Caymanøerne.<br><br>Vælger du et krydstogt med Royal Caribbean International eller Celebrity Cruises, indgår drikkepenge på ca. 12 USD/dag i prisen. Vælger du et krydstogt med Costa Cruises, skal obligatoriske drikkepenge på ca. 9 USD pr. voksen/dag og ca. 4,50 USD pr. barn/dag betales ombord."
Krydstogter i Det Indiske Ocean,193413,16,Area description,0,"Et krydstogt i Det Indiske Ocean er det perfekte valg for dig, der drømmer om kridhvide sandstrande, vajende palmer, storslået natur, spændende udflugter og eksotiske rejsemål. På Costa Cruises skib får du en bekvem ferie med gode restauranter, spaafdeling, motionsrum og meget andet. Skibet sejler til nogle af Det Indiske Oceans mest fantastiske øer."
Krydstogter i Det Indiske Ocean,193413,13,Text part,10,"Mauritius byder på skønne strande, fin natur og restauranter med mad i verdensklasse. På Seychellerne lægger skibet til på hovedøen Mahe, hvor to overnatninger indgår i rejsens pris. Det giver dig tid til at opleve både Mahe og en af naboøerne Praslin eller La Digue. <br>Madagaskar er verdens fjerdestørste ø og byder på et rigt plante- og dyreliv. Her findes alt fra store naturreservater og seværdigheder til imponerende sandstensformationer og gyldne strande. På vores krydstogt i Det Indiske Ocean besøger vi også den grønne perle La Reunion, som er fransk territorium. I hovedstaden St. Denis bliver du mødt af en herlig blanding af forskellige kulturer. Øen er både frodig og kuperet - besøg gerne udsigtspunktet Maido, hvorfra der er en blændende udsigt over kraterdalen Cirques de Mafate.<br><br>I vores bekvemme pakkeløsninger indgår foruden selve krydstogtet både fly og hotelovernatning i afrejsebyen. Vælger du et krydstogt med Royal Caribbean International eller Celebrity Cruises, indgår drikkepenge på ca. 12 USD/dag i prisen. Vælger du et krydstogt med Costa Cruises, skal obligatoriske drikkepenge på ca. 9 USD/voksen/dag og ca. 4,50 USD/barn/dag betales ombord."
Krydstogter i Middelhavet,138096,16,Area description,0,"Krydstogter i Middelhavet er utrolig populære - og det er let at forstå hvorfor. Området byder på betagende natur, berømte byer, historiske seværdigheder og kulinariske oplevelser. Og der er også gode muligheder for at bade og slikke sol. Middelhavsområdet har en rig historie og interessant kulturarv, så vi anbefaler, at du benytter muligheden for at tage på spændende udflugter i løbet af dit krydstogt."
Krydstogter i Middelhavet,138096,13,Text part,10,"Rejseruterne i Middelhavet varierer afhængigt af skib og rejselængde, og du har adskillige krydstogter at vælge imellem. I vores bekvemme krydstogtspakker indgår foruden selve krydstogtet både fly og hotelovernatning i afrejsebyen før krydstogtet. Du kan sejle med Royal Caribbean Internationals store og familievenlige skibe eller nyde god mad og lækkert design på Celebrity Cruises mellemstore skibe. Vil du opleve en helt særlig middelhavsatmosfære, bør du vælge Costa Cruises, som sejler under italiensk flag og tilbyder udsøgt mad, flot design og ""la dolce vita"", når det er bedst. Uanset hvad du vælger, vil udbuddet ombord være stort og oplevelserne i land mange.<br><br>Tager du på krydstogt med Royal Caribbean International eller Celebrity Cruises indgår drikkepenge i prisen (ca. 12 USD pr. dag). På krydstogter med Costa Cruises tilkommer obligatoriske drikkepenge på ca. 9 EUR pr. voksen og ca. 4,50 EUR pr. barn og dag, som betales ombord."
La Gomera,108085,16,Area description,0,"La Gomera er Kanarieøernes næstmindste ø og er så uopdaget, at det er svært at forestille sig, at det er ""bare"" er en af De Kanariske Øer. Her rejser man ikke til for kun at ligge på stranden, men snarere for at få naturoplevelser, for at vandre og måske for at spille golf. Klimaet er behageligt hele året rundt. Du kommer til La Gomera med færge fra Los Cristianos på Tenerife. Bådturen tager ca. 45 minutter."
La Gomera,108085,16,Area description,10,Et besøg på Tenerifes naboø La Gomera er lig med natur en masse - både på og udenfor golfbanen. Med Spies bor du på La Gomeras bedste hotel - med god golf lige rundt om hjørnet!
Lesbos,108090,16,Area description,0,På grønne Lesbos oplever du det ægte Grækenland med både fine strande og græsk hverdagsliv.
Lesbos,108090,13,Text part,10,"Naturen på Lesbos er præget af grønne skove, sølvgrå olivenplantager og brede blågrønne bugter, som skærer sig ind i landskabet. Alligevel har relativt få feriegæster opdaget denne græske perle. Det betyder, at priserne stadig er favorable og trængslen i feriebyerne til at overse. Lesbos passer perfekt til dig, som vil have en afslappende ferie med masser af sol, skønne strande og et ægte græsk hverdagsliv.<br><br>Når du rejser med Spies, kan du vælge mellem mange gode hoteller og seks dejlige rejsemål: Petra med sin særprægede kirke og fine strand, Molivos med sin farverige græske stemning, Anaxos med masser af hyggelige tavernaer og øens måske bedste strand, Eftalou med varme kilder og maleriske badebugter, Skala Kallonis for hele familien og Plomari med det hyggelige havnemiljø og Grækenlands bedste ouzo."
Lissabon-området,108092,16,Area description,0,"Lissabon er utvivlsomt en af Europas mest charmerende hovedstæder. Byen byder på både seværdigheder og gode shoppingmuligheder samt restauranter, der stadig har et relativt lavt prisniveau i forhold til mange andre storbyer. Når du rejser med Spies til Lissabon-området, kan du også vælge ferierejsemålene Estoril og Cascais."
Lissabon-området,108092,16,Area description,10,"Førsteklasses golf ved en af Europas mest charmerende hovedstæder - Lissabon og omegn er et rigtig godt valg for den golfinteresserede. Når du rejser med Spies, kan du vælge imellem adskillige gode baner. Derudover har vi flere udmærkede hoteller, hvoraf mange ligger lige ved golfbanen. I Estoril/Cascais tilbyder vi også golfpakker til rimelige priser."
Madeira,108095,16,Area description,0,"Madeira er en moderne klassiker med vidunderlig natur, hoteller for enhver smag, gode shoppingmuligheder og mange oplevelser, hvad enten du vil have en festlig aften på kasino eller en dejlig dag langs levadaerne. Vil du se det hele? Så lej en bil gennem Spies. Nu kan du også rejse med rutefly til <a href=""{res:6804}"">Funchal</a>, og du bestemmer derfor selv både afrejsedag og rejselængde."
Madeira,108095,13,Text part,10,"Langt de fleste har et billede af Madeira som øen med mageløse udsigter, bratte klippeskråninger, frodig natur, rislende levadaer og en charmerende hovedstad. Sådan er det stadig på Madeira, men det er også værd at nævne de trendy restauranter, vores Prime Select-hoteller for voksne, som rejser uden børn, og spændende aktiviteter som canyoning, ridning på naturstier eller shopping i Funchals små specialbutikker."
Madeira,108095,13,Text part,20,"<b>Det nye Funchal</b><br>Madeiras betagende hovedstad ligger ved foden af bjergene med udsigt over havet. Her i den gamle bydel, som er blevet renoveret efter alle kunstens regler, præges stemningen af hyggelige barer og restauranter, shopping og folkeliv, pulserende dage og stemningsfulde aftener. Hos Spies har du over 20 hoteller at vælge imellem."
Madeira,108095,16,Area description,30,"Madeira byder på to golfbaner i en fantastisk natur med storslåede udsigter. Banerne passer til alle typer af spillere, men de er kuperede, så det kræver en god kondition. Med Spies bor du i den charmerende hovedstad Funchal, hvor du er tæt på folkeliv, shopping, restauranter, barer og et hyggeligt aften- og natteliv."
Makarska Riviera,186729,16,Area description,0,"Makarska Riviera er en af verdens smukkeste kyststrækninger. Spies tilbyder seks forskellige rejsemål: <a href=""{res:81571}"">Baska Voda</a>, <a href=""{res:81647}"">Brela</a>, <a href=""{res:81703}"">Makarska</a>, <a href=""{res:81713}"">Podgora</a>, <a href=""{res:81714}"">Tucepi</a> og <a href=""{res:96139}"">Gradac</a>. Især strækningen langs Brela og Baska Voda anses for at være en af verdens bedste badekyster med små fine strande og krystalklart vand. Måske er det derfor, at både hotellerne og rejsemålene får så høje vurderinger af vores gæster. Rejserne hertil bliver hurtigt udsolgt, så vil du tilbringe ferien på Makarska Riviera, gælder det om at være tidligt ude."
Mallorca,108099,16,Area description,0,"Når du rejser til Mallorca med Spies, kan du vælge mellem en bred vifte af rigtig gode hoteller. Alt fra familieparadiserne Sunwing Family Resorts og Family Garden til vores Sunprime-hoteller Sunprime Palma Beach og Sunprime Waterfront i Playa de Palma samt nyheden Sunprime Monsuau i Cala d'Or. Sunprime Hotels er det bedste valg for dig, der rejser uden børn. Vi tilbyder også mange spændende udflugter samt golfpakker med forudbestilte starttider. Nu kan du desuden bestille en rejse med rutefly til flere af vores rejsemål på Mallorca. Det betyder, at du selv bestemmer, hvornår du vil rejse, og hvor længe du vil være væk - året rundt.<br><br>Mallorca er et af vores mest populære rejsemål. Her finder du stemningsfulde tapasbarer, bølgende valmuemarker, grønne olivenlunde, bjerge og dejlige strande. Og så den, for os nordboere, så eftertragtede Middelhavsvarme."
Mallorca,108099,16,Area description,10,"Spies' golfrejser til Mallorca går bl.a. til den populære og solrige Palmabugt, hvor vi tilbyder flere attraktive golfpakker. Du bor allerbedst på vores eget Sunprime Palma Beach, der ligger tæt på både stranden og bylivet i Palma. På Iberostar Son Antem Golf Resort & Spa bor du lige ud til banen. En af øens bedste baner er Alcanada i Alcudia, hvor vi kan anbefale dig at bo på Sunwing Alcudia Beach direkte ved den brede, kridhvide og kilometerlange sandstrand. Er du glad for Sunwing Family Resorts, kan du også vælge at tage til Cala Bona. Her tilbyder vi en golfpakke, hvor du spiller på tre forskellige baner."
Malta,139600,16,Area description,0,"Malta er rejsemålet for dig, der vil opleve mest muligt i ferien. På et relativt lille areal findes tusindårig historie, middelalderkultur, god shopping, et livligt forlystelsesliv og Middelhavets klareste dykkervand. Klimaet er herligt, og både luften og havet holder en behagelig temperatur til langt ind i efteråret. Du bor i St. Julian's/Sliema eller St. Paul's Bay."
Marmaris-området,125963,16,Area description,0,"Velkommen til Marmaris-området - et af Tyrkiets mest populære rejsemål, hvor du garanteret får en skøn ferie. <a href=""{hot:72212}"">Sunprime Beachfront</a> ved strandpromenaden i <a href=""{res:40391}"">Marmaris</a> er perfekt for dig, der rejser uden børn."
Marmaris-området,125963,13,Text part,10,"Marmarisbugten har længe været et populært rejsemål med feriegæster fra hele Europa. Her kommer man for at nyde solen, shoppe i basarerne eller på markederne og måske tage en tur med gületbåd til de små bugter og øer langs kysten. Spies har hoteller i både Marmaris og den hyggelige lille kystby <a href=""{res:41356}"">Içmeler</a> lidt syd for Marmaris."
Nordlige Thailand,108111,16,Area description,0,"Det nordlige Thailand er et must for enhver ivrig thailandsrejsende. Tempoet er ikke så højt som i feriebyerne i det sydlige Thailand, men klimaet er om dagen præcis lige så varmt og skønt. Her rejser man til for at få store oplevelser i de smukke og storlåede bjerglandskaber. Dagene fyldes nemt med trekking, jeepsafari og flodture. I bjerglandsbyerne bor nomader og bjergfolk fra forskellige etniske grupper, og der findes mange seværdigheder, bl.a. gamle templer. Spies tilbyder gode hoteller i Chiang Mai og Chiang Rai."
Phuket,108117,16,Area description,0,"Phuket er knap 50 kilometer lang og 20 kilometer bred, og er Thailands største og mest populære feriested. Med Spies har du meget at vælge mellem, og her er der noget for enhver smag.<br><br>Vælger du at rejse med Spies til Phuket, kan du altid finde et hotel, der passer dig - familievenlige Sunwing Family Resorts i Bangtao Beach og Kamala Beach, hvis du rejser med børn, og Sunprime Kamala Beach, hvis du foretrækker voksent selskab. Du kan også vælge et af de mere kendte rejsemål, f.eks. <a href=""{res:4772}"">Karon Beach</a>, <a href=""{res:4723}"">Khao Lak</a> eller <a href=""{res:4784}"">Kata Beach</a>, eller en af de mere ukendte perler såsom <a href=""{res:6934}"">Nai Yang Beach</a>. Og måske bedst af alt: Spies tilbyder både charter og rutefly til Phuket, og du kan rejse hele året rundt."
Phuket,108117,16,Area description,10,"På Phuket er der omkring ti forskellige golfbaner og Spies tilbyder to af dem. I vores to- og fire-dages golfpakke indgår endda transport til banen. Ønsker du at bo rigtig godt mellem golfbanerne, vil vi gerne slå et slag for vores eget Sunprime Kamala Beach, direkte ved stranden."
Rhodos,108122,16,Area description,0,"Rhodos er den største og mest frodige af de Dodekanesiske Øer, og i flere årtier har den været Grækenlands mest populære ferieø. Rejs med Spies og oplev en perfekt verden af sol, strande og maleriske badebugter. Skal det være en familieferie, I aldrig glemmer, er der intet bedre end vores eget familieparadis <a href=""{hot:9272}"">Sunwing Kallithea Beach</a>, som ligger i  <a href=""{res:6776}"">Kallithea</a> mellem <a href=""{res:6775}"">Faliraki</a> og <a href=""{res:6778}"">Rhodos by</a>. Holder I ferie uden børn, kan vi varmt anbefale vores voksenhotel <a href=""{hot:41808}"">Sunprime Miramare Beach</a> på <a href=""{res:6779}"">Rhodos vestkyst</a> - her får du total afslapning og bor samtidig tæt på shoppingmuligheder og hyggeligt aftenliv i Rhodos by. Tag også gerne et kig på vores nye koncepthotel <a href=""{hot:97036}"">Casa Cook Rhodes</a>, som passer perfekt til livsnyderen, der stiller høje krav til komfort og design.<br><br>Nu kan du også rejse med rutefly til flere af vores rejsemål på Rhodos. Det betyder, at du selv bestemmer både afrejsedag, og hvor længe du vil være væk, uden at være bundet af faste rejsedatoer. Når du bestiller, vælger du blot det ønskede antal dage under ""Rejselængde""."
Rhodos,108122,13,Text part,10,"De senere år har Rhodos by gennemgået en sand forvandling, og det betyder, at Spies kan tilbyde moderne og trendy hoteller for alle. Resten af øen er stadig så godt som uberørt med mange små landsbyer, grønne bjerge og smukke kyststrækninger. Rhodos har også en lang historie med spændende seværdigheder, så hvorfor ikke leje en bil og tage på opdagelse i dit eget tempo? Spies samarbejder med Avis og sørger for fordelagtige priser, når du lejer bil gennem os."
Santorini,108125,16,Area description,0,"Santorini er en af Grækenlands mest spektakulære øer med dramatiske landskaber, fine strande og maleriske landsbyer med de typisk græske hvidkalkede huse med blå tage, som har gjort øen til en af de mest fotograferede i hele Grækenland. Spies tilbyder rejser med valgfri rejselængde til fire af øens byer: <a href=""{res:83352}"">Kamari</a> på østkysten, den livlige hovedby <a href=""{res:83376}"">Thira</a>, den lidt fredeligere landsby <a href=""{res:83351}"">Imerovigli</a> og det mere eksklusive rejsemål <a href=""{res:83386}"">Oia</a>, som ligger højt over havet på Santorinis nordspids."
Sardinien,108126,16,Area description,0,"Sardinien byder på smuk natur, fantastisk mad og strande, der er blandt Middelhavsområdets bedste. Med Spies kan du rejse til  <a href=""{res:83331}"">Alghero</a> og <a href=""{res:83332}"">Costa Smeralda</a>."
Sardinien,108126,13,Text part,10,"Når du rejser med Spies til Sardinien, vælger du selv afrejsedag og rejselængde. Begge vores rejsemål, Alghero og Costa Smeralda, byder på dejlige strande, mange seværdigheder og et stort udbud af restauranter med udsøgt mad. Der er rigtig meget at se på øen, og derfor anbefaler vi, at du lejer en bil eller cykel og udforsker omgivelserne."
Sicilien,108129,16,Area description,0,"Rejs med Spies til Sicilien og oplev Italien fra sin allerbedste side. Middelhavets største ø byder på alt fra sol og strand over historiske seværdigheder til gode shoppingmuligheder og lækker mad. Det sicilianske køkken vidner om ægte madglæde og har ikke meget til fælles med de standardmenuer, man kan finde i andre ferieområder. Derudover er  prisniveauet fordelagtigt lavt i forhold til i resten af Italien og mange andre rejsemål ved Middelhavet."
Sicilien,108129,13,Text part,10,"Når du bestiller en rejse til Sicilien med Spies, kan du vælge mellem tre forskellige rejsemål: <a href=""{res:75019}"">Cefalù</a> i nord samt <a href=""{res:65850}"">Taormina</a> og <a href=""{res:65853}"">Giardino-Naxos</a> på østkysten. Eftersom du rejser med rutefly, kan alt arrangeres, så det passer netop dig: afrejsedag, rejselængde, rejsemål, hotel og udflugter. Desuden flyver du direkte uden mellemlandinger i højsæsonen."
Sicilien,108129,48,Airport help,20,"Der er to lufthavne på Sicilien. Hvis du vil bo i Taormina eller Giardini-Naxos, flyver du til Catania lufthavn, og hvis du vil bo i Cefalù, flyver du til Palermo lufthavn."
Split-området,186728,16,Area description,0,"Det nordlige Dalmatien har meget at byde på: natur, historie, svømmeture i Adriaterhavet og spændende udflugter på havet eller ind i landet. Spies tilbyder rejser til <a href=""{res:65431}"">Split</a>, som er på UNESCO's Verdensarvsliste, samt til charmerende <a href=""{res:81568}"">Trogir</a> beliggende knap 30 km fra Split."
Tenerife,108136,16,Area description,0,"På Tenerife finder du hoteller for enhver smag og pengepung, bl.a. tilbyder Spies familievenlige <a href=""{hot:8959}"">Sunwing Fañabe Beach</a>, hvis du rejser med børn. Her findes også <a href=""{hot:8958}"">Sunprime Coral Suites & Spa</a> og nyheden <a href=""{hot:97455}"">Sunprime Oceanview</a> for voksne samt mange andre hoteller på vores ni forskellige rejsemål.<br><br>Med sine forskelligartede landskaber - fra sydsidens og Teides golde lavalandskaber til Orotavadalens frodige grønne områder i nord - har Tenerife noget for enhver smag. Her kan du bo på vores børnevenlige Family Garden-hotel <a href=""{hot:55686}"">Bahia Principe Tenerife</a> i Playa Paraiso, hvor både Lollo & Bernie og All Inclusive indgår i prisen. Vi kan også anbefale vores eget Sunwing Fañabé Beach, som er meget populært blandt både børn og voksne. Men vi tilbyder også en række andre hoteller og lejligheder med god beliggenhed tæt på både centrum og strand. Nu kan du også bestille en rejse til vores nye Sunprime Oceanview, som er omsorgsfuldt renoveret og byder på en flot udsigt over <a href=""{res:4833}"">Playa de las Américas</a>. <br><br><b>Skræddersy din rejse til Tenerife - året rundt</b><br>Nu kan du også rejse til Tenerife med rutefly. Det betyder, at du selv bestemmer både afrejsedag og rejselængde, og du har flere af vores bedste hoteller at vælge imellem."
Tenerife,108136,16,Area description,10,"Tager du på en golfrejse til Tenerife med Spies, kan du vælge en af vores allermest populære golfpakker. Pakken inkluderer blandt andet golfvært og spil på tre forskellige baner: Amarilla Golf, Golf de Sur og Las Américas. Bor du på Grand Muthu Golf Plaza i San Miguel de Abona, kan vi tilbyde en hotelpakke, der inkluderer en runde per dag på Golf de Sur. Ønsker du at have adgang til øens bedste bane, Abama, anbefaler vi, at du bor på Ritz Carlton Abama i Guia de Isora. Ellers slår vi gerne et slag for vores eget Sunprime Coral Suites & Spa i Playa de las Américas. Her bor du virkelig godt og tæt på banen Golf las Américas. På La Gomera bor du på øens bedste hotel, Jardin Tecina, direkte ved golfbanen."
Thassos,108137,16,Area description,0,"På stille og fredelige Thassos finder du det meste til en vellykket ferie: frodig natur, krystalklart vand, nogle af de bedste strande i Det Ægæiske Hav - og ikke mindst en skøn, græsk atmosfære, eftersom øen er et yndet feriemål for grækerne selv. Det er også derfor, at Thassos er et af vores billigere rejsemål i Grækenland. Spies tilbyder seks forskellige rejsemål, et Family Garden for alle børnefamilier og mange små, hyggelige hoteller beliggende på stranden."